member_casual,average_trip_duration
casual,50.683927797085971
member,18.022384963941384