member_casual,average_trip_duration
casual,30.671664728698012
member,13.385097296922874