member_casual,average_trip_duration
casual,50.079526987310381
member,19.080970050357728