member_casual,average_trip_duration
casual,32.901536188665261
member,12.943770731414086