member_casual,average_trip_duration
casual,37.806152332418527
member,14.708748654552089