member_casual,average_trip_duration
casual,58.662551072807311
member,17.016620990301476