member_casual,average_trip_duration
casual,25.879305650102275
member,11.540795419869466