member_casual,average_trip_duration
casual,37.989608947410311
member,13.175034025636473