member_casual,average_trip_duration
member,13.772919279812239
casual,37.950722471350844