member_casual,average_trip_duration
member,14.290637815199318
casual,46.646696853593326